{
  "HIBA": {"variantes": ["HIBA","HIBA SA","HIBA HOSPITAL","HIBA CABA","HIBA HOSP","HIBA CENTRAL","HIBA HIBA","HEBA","HBU","htal italiano","htal. italiano","h. italiano","h.i","italiano","hospital italiano","h italiano","hosp. italiano","italiano sa","italiano hospital"], "tooltip": "Hospital Italiano de Buenos Aires"},
  "ALPI": {"variantes": ["ALPI","ALPI - A.C.","ALPI A.C.","ALPÍ - A.C."], "tooltip": "ALPI Asociación Civil, Clínica de Rehabilitación Neuromotriz y Respiratoria"},
  "ARAUZ": {"variantes": ["ARAUZ","F ARAUZ"], "tooltip": "Instituto Otorrinolaringológico Arauz S.A. (IORL Arauz)"},
  "ARGERICH": {"variantes": ["ARGERICH","H ARGERICH"], "tooltip": "Hospital General de Agudos Dr. Cosme Argerich"},
  "BAZTERRICA": {"variantes": ["BAZTERRICA"], "tooltip": "Clínica Bazterrica S.A."},
  "BITGENIA": {"variantes": ["BITGENIA"], "tooltip": "Bitgenia (23Peers S.A.)"},
  "BRITANICO": {"variantes": ["BRITANICO CONS"], "tooltip": "Hospital Británico de Buenos Aires"},
  "C. OFTALMOLÓGICO": {"variantes": ["C OFTAL","C OFTAL NEGRI","C OFTAL.","C OFTALMOLOGICO","C. OFTAL.","C. OFTAL. S.A.","C. OFTALM.","C.OF. 'DEVOTO'","CENTRO OFTALM."], "tooltip": "Hospital Oftalmológico Santa Lucía / Clínica de Ojos Dr. Nano / Instituto Oftalmológico Argentino"},
  "CHAMOLES": {"variantes": ["CHAMOLES","LAB. CHAMOLES"], "tooltip": "Laboratorio Chamoles"},
  "CEVALLOS": {"variantes": ["CEVALLOS"], "tooltip": "Laboratorio Cevallos Salud S.R.L."},
  "DR DOGLIOTTI": {"variantes": ["DR DOGLIOTTI"], "tooltip": "Consultorio / Laboratorio Dr. Dogliotti"},
  "DR LAFALCE": {"variantes": ["DR LAFALCE"], "tooltip": "Consultorio / Laboratorio Dr. Lafalce"},
  "DR SINJOVICH": {"variantes": ["DR SINJOVICH"], "tooltip": "Consultorio / Laboratorio Dr. Sinjovich"},
  "DR TONIOLO": {"variantes": ["DR TONIOLO","DRA. TONIOLO"], "tooltip": "Consultorio / Laboratorio Dr. Toniolo"},
  "DR NEGRI": {"variantes": ["DR. NEGRI"], "tooltip": "Consultorio Dr. Negri / Instituto Dr. Negri"},
  "DRA. CUGNO": {"variantes": ["DRA. VALERIA CUGNO"], "tooltip": "Consultorio Dra. Valeria Cugno"},
  "DURAND": {"variantes": ["DURAND"], "tooltip": "Hospital General de Agudos Dr. Carlos G. Durand"},
  "ENERI": {"variantes": ["ENERI"], "tooltip": "Laboratorio Eneri"},
  "EN CASA": {"variantes": ["EN CASA","ENCASA"], "tooltip": "Atención médica en domicilio (servicio genérico)"},
  "FRESENIUS": {"variantes": ["FRESENIUS","FRESENIUS MED."], "tooltip": "Fresenius Medical Care Argentina"},
  "GENDA": {"variantes": ["GENDA","GENDA LAB","LAB GENDA","LAB. GENDA"], "tooltip": "GENDA S.A., Laboratorio de Genética y Biología Molecular"},
  "GENOS": {"variantes": ["GENOS","LAB GENOS","LAB. GENOS","LABOR. GENOS"], "tooltip": "Laboratorio GENOS"},
  "GUTTIERREZ": {"variantes": ["GUTTIERREZ","H GUTIERREZ"], "tooltip": "Hospital de Niños Dr. Ricardo Gutiérrez"},
  "HOSPITAL CLINICAS": {"variantes": ["H CLINICAS","HOSP CLINICAS","HOSP DE CLINICAS","H. CLINICAS"], "tooltip": "Hospital de Clínicas José de San Martín UBA"},
  "LANARI": {"variantes": ["LANARI","INST. LANARI"], "tooltip": "Instituto de Investigaciones Médicas Alfredo Lanari (UBA)"},
  "LASER VASCULAR": {"variantes": ["LASER V.","LASER VASCULAR"], "tooltip": "Instituto Argentino de Flebología / Centro Médico Láser SF"},
  "LASERMEDICA": {"variantes": ["LASERMEDICA","LASERMEDICA S.A."], "tooltip": "Lasermedica S.A., Clínica Dermatológica"},
  "LIC. BARRETO": {"variantes": ["LIC BARRETO","LIC. BARRETO"], "tooltip": "Consultorio Licenciado Barreto"},
  "LIC. MARIA POY": {"variantes": ["LIC. MARIA POY"], "tooltip": "Consultorio Licenciada María Poy"},
  "MANLAB": {"variantes": ["MANLAB"], "tooltip": "Laboratorio MANLAB"},
  "MEDICAL CARE": {"variantes": ["MEDICAL CARE"], "tooltip": "Medical Care Argentina S.A."},
  "MEDITAR": {"variantes": ["MEDITAR S.A."], "tooltip": "Meditar S.A."},
  "MTG GROUP SRL": {"variantes": ["MTG GROUP SRL"], "tooltip": "MTG Group S.R.L."},
  "NACER": {"variantes": ["NACER"], "tooltip": "Plan Nacer / Sumar+"},
  "NEGRI": {"variantes": ["NEGRI"], "tooltip": "Consultorio Dr. Negri / Instituto Dr. Negri"},
  "ORT. ALEMANA": {"variantes": ["O. ALEMANA","ORT ALEMANA","ORT. ALEMANA"], "tooltip": "Ortopedia Alemana S.A.C.I. / Grupo Alemana"},
  "OMICS": {"variantes": ["OMICS","OMICS SRL","OMICS SRL."], "tooltip": "Omics S.R.L."},
  "INSTITUTO DE ORL": {"variantes": ["ORL","INST SUP ORL","INST. SUP ORL","INST. SUP. ORL"], "tooltip": "Instituto Superior de Otorrinolaringología (ISO) / IORL"},
  "ORT. IMATIONTY": {"variantes": ["ORT IMATIONTY"], "tooltip": "ORT IMATIONTY"},
  "ORT. SAI": {"variantes": ["ORT SAI","ORT. S.A.I","ORTOPEDIA S.A.I"], "tooltip": "Ortopedia SAI"},
  "ORT. ADDITIVE": {"variantes": ["ORT. ADDITIVE"], "tooltip": "ORT. ADDITIVE"},
  "ORT. CDA": {"variantes": ["ORT. CDA"], "tooltip": "ORT. CDA"},
  "ORT. ALEM.": {"variantes": ["ORTOPEDIA ALEM."], "tooltip": "Ortopedia Alemana S.A.C.I."},
  "ORT. L'AMIC": {"variantes": ["ORTOPEDIA L'AMIC"], "tooltip": "Ortopedia L'Amic"},
  "ORT. MSM": {"variantes": ["ORTOPEDIA MSM"], "tooltip": "Ortopedia MSM"},
  "ORT. S.": {"variantes": ["ORTOPEDIA S."], "tooltip": "Ortopedia S."},
  "REVERIE": {"variantes": ["REVERIE"], "tooltip": "Laboratorio / Instituto Reverie"},
  "ROFFO": {"variantes": ["ROFFO","INST. ROFFO"], "tooltip": "Instituto de Oncología Ángel H. Roffo (UBA)"},
  "SANTA ISABEL": {"variantes": ["SANTA ISABEL"], "tooltip": "Clínica Santa Isabel"},
  "SANTA LUCIA": {"variantes": ["SANTA LUCIA","H SANTA LUCIA"], "tooltip": "Hospital Oftalmológico Santa Lucía"},
  "SAVI": {"variantes": ["SAVI"], "tooltip": "Instituto SAVI"},
  "SERV COMPL": {"variantes": ["SERV COMPL"], "tooltip": "Servicio de Complementarios"},
  "SUIZO ARGENTINO": {"variantes": ["SUIZA ARG.","SUIZO ARGENTINO","SUIZO ARG","SUIZO ARG SA","SUIZO ARG S.A.","SUIZO-ARGENT","SUIZO-ARGENTINA","SUIZO ARGENTINO HOSPITAL"], "tooltip": "Clínica y Maternidad Suizo Argentina / Swiss Medical"},
  "UDAONDO": {"variantes": ["UDAONDO","H UDAONDO"], "tooltip": "Hospital de Gastroenterología Dr. Carlos Bonorino Udaondo"},
  "VIDT": {"variantes": ["VIDT","VIDT CENTRO MED"], "tooltip": "VIDT Oncología Radiante"},
  "AUSTRAL": {"variantes": ["H.AUSTRAL","AUSTRAL","H AUSTRAL","HOSPITAL AUSTRAL","AUSTRAL SA","AUSTRAL HOSPITAL","AUSTRAL CENTRAL","AUSTRAL HOSP","AUSTRAL PILAR"], "tooltip": "Hospital Universitario Austral (Pilar)"},
  "GÜEMES": {"variantes": ["GÜEMES","GUEMES","SANATORIO GUEMES","SANATORIO GÜEMES","S GUEMES","S.GÜEMES","S GUEMES SA","GÜEMES SA","GUEMES SA"], "tooltip": "Sanatorio Güemes S.A."},
  "FAVALORO": {"variantes": ["FAVALORO","FUNDACION FAVALORO","FUNDACIÓN FAVALORO","FAVALORO SA","HOSPITAL FAVALORO","FAVALORO HOSPITAL","FAVALORO CABA","FAVALORO FUNDACION","FAVALORO CENTRAL","FAVALORO HOSP"], "tooltip": "Fundación Favaloro, Hospital Universitario"},
  "FLENI": {"variantes": ["FLENI","FLENI BELGRANO","FLENI SA","FLENI HOSPITAL","FLENI CENTRAL","FLENI HOSP","FLENI CABA","FLENI ESCOBAR","FLENI BELGRANO SA"], "tooltip": "Instituto Fleni"},
  "GARRAHAN": {"variantes": ["GARRAHAN","GARRAHAN SA","GARRAHAN HOSPITAL","GARRAHAN CENTRAL","GARRAHAN HOSP","GARRAHAN CABA","GARRAHAN NIÑOS","GARRAHAN INFANTIL","GARRAHAN PEDIATRICO"], "tooltip": "Hospital de Pediatría S.A.M.I.C. Prof. Dr. Juan P. Garrahan"},
  "ZAMBRANO": {"variantes": ["ZAMBRANO","F ZAMBRANO","F. ZAMBRANO","ZAMBRANO SA","ZAMBRANO HOSPITAL","ZAMBRANO CENTRAL","ZAMBRANO HOSP","ZAMBRANO CABA","ZAMBRANO CLINICA","FUNDACION ZAMBRANO","FUNDACIÓN ZAMBRANO","FUND. ZAMBRANO","FUND ZAMBRANO","ZAMBRANO FUNDACION","ZAMBRANO FUNDACIÓN","ZAMBRANO F","ZAMBRANO (CABA)","ZAMBRANO (FUNDACION)","ZAMBRANO (FUNDACIÓN)"], "tooltip": "Fundación / Instituto Zambrano (Oftalmología)"}
}
